date,task,status,subnotes
2026-02-16,Follow up on BCT Loan,pending,
2026-02-16,Follow up on Jay Shakti Loan,pending,
2026-02-16,Follow up on Hanumante Loan,pending,
2026-02-16,Follow up on Jaihind Loan,closed,
2026-02-16,Follow up on Rajmoti Loan,pending,
2026-02-16,Follow up on Meet Parsana Loan,pending,
2026-02-16,Follow up on Ananda Loan,pending,
2026-02-16,CAG Empanelment,pending,
2026-02-16,Quotation to Donga for Valuation,pending,
2026-02-16,DC Agro new company formation,pending,
2026-02-16,Jaihind Warehousing Loan,pending,
